,semester,gender,height,age,study,likes_pineapple_on_pizza,likes_chocolate,english_skills,books_per_year
0,4.0,1.0,165.0,24.0,0.0,0,1.0,81.0,9.0
1,6.0,1.0,165.0,25.0,0.0,,0.0,85.0,2.0
2,12.0,0.0,N/A,26.0,3.0,0,1.0,95.0,2.0
3,99.0,0.0,N/A,27.0,2.0,0,unkwn,89.0,4.0
4,99.0,1.0,170.0,27.0,0.0,0,1.0,75.0,2.0
5,99.0,0.0,173.0,31.0,0.0,0,1.0,71.0,2.0
6,22.0,0.0,180.0,32.0,1.0,0,1.0,78.0,8.0
7,99.0,0.0,N/A,27.0,2.0,,1.0,83.0,3.0
8,99.0,1.0,155.0,24.0,1.0,0,0.0,N/A,5.0
9,19.0,1.0,166.0,28.0,2.0,0,unkwn,96.0,6.0
10,17.0,1.0,171.0,26.0,0.0,0,1.0,97.0,3.0
11,10.0,0.0,N/A,26.0,1.0,,1.0,76.0,3.0
12,26.0,1.0,172.0,31.0,4.0,0,unkwn,72.0,2.0
13,99.0,1.0,163.0,28.0,6.0,,1.0,99.0,0.0
14,10.0,0.0,N/A,25.0,6.0,,1.0,96.0,3.0
15,2.0,0.0,N/A,23.0,0.0,1,1.0,84.0,1.0
16,-9.0,0.0,181.0,21.0,0.0,,1.0,96.0,6.0
17,8.0,0.0,179.0,25.0,0.0,0,0.0,79.0,7.0
18,9.0,0.0,N/A,25.0,0.0,1,0.0,99.0,6.0
19,99.0,1.0,166.0,29.0,0.0,0,1.0,88.0,0.0
20,29.0,1.0,166.0,32.0,4.0,,unkwn,N/A,2.0
21,15.0,0.0,170.0,28.0,0.0,0,1.0,84.0,2.0
22,99.0,0.0,182.0,27.0,0.0,0,0.0,N/A,3.0
23,99.0,0.0,N/A,23.0,1.0,,0.0,N/A,5.0
24,13.0,1.0,167.0,24.0,1.0,,0.0,87.0,6.0
25,14.0,0.0,172.0,27.0,4.0,0,1.0,97.0,5.0
26,1.0,1.0,163.0,22.0,5.0,,1.0,95.0,2.0
27,14.0,0.0,174.0,26.0,5.0,0,1.0,75.0,2.0
28,99.0,0.0,174.0,28.0,1.0,0,1.0,97.0,2.0
29,8.0,0.0,179.0,25.0,0.0,0,unkwn,N/A,3.0
30,3.0,0.0,176.0,21.0,4.0,0,1.0,73.0,7.0
31,10.0,1.0,177.0,27.0,0.0,,0.0,92.0,4.0
32,5.0,0.0,N/A,24.0,3.0,0,unkwn,80.0,3.0
33,8.0,0.0,180.0,22.0,0.0,1,1.0,76.0,1.0
34,11.0,0.0,180.0,24.0,6.0,0,unkwn,N/A,6.0
35,11.0,0.0,180.0,27.0,4.0,0,unkwn,N/A,3.0
36,20.0,1.0,169.0,30.0,1.0,1,unkwn,85.0,5.0
37,6.0,0.0,184.0,23.0,2.0,0,1.0,87.0,5.0
38,4.0,0.0,180.0,21.0,5.0,,1.0,81.0,3.0
39,15.0,0.0,171.0,26.0,1.0,0,unkwn,82.0,2.0
40,99.0,0.0,182.0,30.0,4.0,0,1.0,86.0,3.0
41,99.0,0.0,N/A,30.0,5.0,0,unkwn,82.0,4.0
42,10.0,1.0,180.0,27.0,0.0,1,1.0,81.0,5.0
43,25.0,0.0,180.0,31.0,2.0,0,1.0,92.0,9.0
44,-2.0,1.0,171.0,24.0,0.0,,1.0,76.0,3.0
45,4.0,0.0,N/A,26.0,2.0,0,1.0,87.0,0.0
46,3.0,0.0,168.0,22.0,4.0,0,unkwn,99.0,0.0
47,20.0,1.0,170.0,28.0,0.0,0,unkwn,89.0,7.0
48,15.0,1.0,158.0,24.0,1.0,0,1.0,N/A,1.0
49,11.0,0.0,177.0,26.0,4.0,1,0.0,N/A,5.0
50,99.0,0.0,N/A,25.0,0.0,,unkwn,88.0,8.0
51,-5.0,1.0,170.0,21.0,2.0,0,0.0,79.0,2.0
52,23.0,0.0,180.0,34.0,0.0,1,unkwn,66.0,7.0
53,20.0,1.0,165.0,32.0,4.0,1,1.0,N/A,0.0
54,8.0,1.0,173.0,25.0,6.0,0,0.0,99.0,6.0
55,12.0,1.0,180.0,26.0,0.0,0,1.0,94.0,5.0
56,99.0,0.0,174.0,26.0,1.0,1,1.0,95.0,2.0
57,4.0,1.0,167.0,24.0,1.0,1,unkwn,95.0,2.0
58,20.0,0.0,174.0,28.0,4.0,,unkwn,85.0,6.0
59,18.0,0.0,165.0,30.0,4.0,,unkwn,90.0,7.0
60,9.0,0.0,182.0,24.0,0.0,1,1.0,86.0,5.0
61,99.0,1.0,154.0,28.0,4.0,1,1.0,74.0,9.0
62,17.0,1.0,165.0,28.0,2.0,0,1.0,88.0,1.0
63,3.0,1.0,177.0,24.0,0.0,,1.0,91.0,8.0
64,30.0,1.0,161.0,35.0,3.0,,unkwn,88.0,1.0
65,3.0,0.0,183.0,21.0,1.0,1,unkwn,73.0,7.0
66,37.0,0.0,184.0,34.0,4.0,1,unkwn,80.0,7.0
67,30.0,0.0,N/A,35.0,0.0,0,1.0,82.0,0.0
68,10.0,0.0,179.0,27.0,2.0,0,unkwn,91.0,7.0
69,1.0,0.0,167.0,21.0,1.0,0,1.0,92.0,6.0
70,99.0,0.0,N/A,28.0,1.0,0,unkwn,97.0,2.0
71,11.0,1.0,170.0,23.0,1.0,,1.0,78.0,6.0
72,-1.0,0.0,173.0,26.0,5.0,0,unkwn,N/A,7.0
73,10.0,1.0,168.0,22.0,4.0,,1.0,92.0,1.0
74,19.0,1.0,174.0,29.0,6.0,0,1.0,99.0,2.0
75,14.0,0.0,174.0,26.0,1.0,1,1.0,90.0,5.0
76,20.0,0.0,182.0,29.0,0.0,1,unkwn,79.0,1.0
77,5.0,0.0,182.0,22.0,1.0,,0.0,N/A,2.0
78,2.0,0.0,N/A,22.0,4.0,1,1.0,91.0,6.0
79,4.0,0.0,N/A,24.0,4.0,1,unkwn,93.0,1.0
80,19.0,0.0,N/A,26.0,0.0,0,0.0,84.0,4.0
81,13.0,0.0,N/A,24.0,0.0,1,0.0,81.0,2.0
82,7.0,1.0,166.0,21.0,0.0,1,unkwn,99.0,0.0
83,99.0,0.0,163.0,27.0,0.0,,unkwn,78.0,4.0
84,99.0,0.0,173.0,26.0,4.0,0,unkwn,73.0,2.0
85,13.0,0.0,169.0,28.0,5.0,,1.0,90.0,3.0
86,24.0,0.0,165.0,32.0,4.0,0,0.0,89.0,6.0
87,19.0,0.0,175.0,31.0,2.0,0,1.0,69.0,1.0
88,-1.0,0.0,177.0,20.0,0.0,0,1.0,90.0,5.0
89,99.0,0.0,170.0,24.0,3.0,1,unkwn,93.0,6.0
90,7.0,1.0,161.0,24.0,5.0,1,1.0,58.0,8.0
91,16.0,0.0,N/A,29.0,2.0,0,1.0,67.0,2.0
92,99.0,0.0,N/A,37.0,1.0,,unkwn,N/A,2.0
93,99.0,1.0,176.0,25.0,0.0,1,0.0,87.0,7.0
94,99.0,1.0,163.0,26.0,0.0,0,1.0,N/A,3.0
95,12.0,0.0,176.0,24.0,0.0,0,1.0,97.0,3.0
96,99.0,0.0,N/A,29.0,4.0,1,unkwn,N/A,3.0
97,9.0,0.0,180.0,23.0,1.0,,0.0,88.0,8.0
98,11.0,0.0,171.0,26.0,1.0,0,1.0,97.0,4.0
99,99.0,0.0,181.0,28.0,4.0,0,1.0,N/A,5.0
100,3.0,0.0,172.0,23.0,4.0,0,0.0,89.0,3.0
101,20.0,1.0,160.0,32.0,6.0,1,1.0,84.0,6.0
102,11.0,0.0,171.0,25.0,3.0,,0.0,95.0,2.0
103,8.0,0.0,184.0,24.0,0.0,0,1.0,93.0,2.0
104,9.0,0.0,180.0,25.0,4.0,,unkwn,78.0,5.0
105,99.0,1.0,174.0,24.0,6.0,,1.0,93.0,3.0
106,99.0,0.0,N/A,29.0,2.0,1,unkwn,N/A,2.0
107,3.0,0.0,174.0,21.0,1.0,0,1.0,81.0,3.0
108,12.0,0.0,179.0,24.0,3.0,1,0.0,79.0,3.0
109,5.0,0.0,175.0,23.0,0.0,,0.0,76.0,5.0
110,28.0,0.0,N/A,32.0,1.0,0,1.0,N/A,4.0
111,12.0,1.0,152.0,26.0,6.0,1,1.0,93.0,3.0
112,4.0,0.0,181.0,24.0,2.0,0,1.0,78.0,8.0
113,4.0,1.0,166.0,21.0,1.0,0,unkwn,93.0,7.0
114,20.0,0.0,182.0,31.0,2.0,,1.0,86.0,2.0
115,99.0,0.0,176.0,26.0,1.0,0,1.0,N/A,5.0
116,99.0,0.0,N/A,24.0,0.0,0,1.0,N/A,6.0
117,15.0,0.0,184.0,25.0,2.0,0,unkwn,85.0,4.0
118,14.0,0.0,171.0,26.0,1.0,,1.0,92.0,5.0
119,19.0,0.0,163.0,28.0,0.0,,0.0,98.0,4.0
120,1.0,0.0,176.0,21.0,3.0,0,unkwn,87.0,8.0
121,17.0,1.0,176.0,28.0,1.0,,1.0,81.0,0.0
122,5.0,0.0,182.0,24.0,1.0,1,1.0,86.0,9.0
123,12.0,0.0,174.0,27.0,2.0,0,unkwn,86.0,0.0
124,99.0,0.0,176.0,29.0,0.0,0,0.0,81.0,3.0
125,19.0,0.0,173.0,30.0,2.0,1,1.0,N/A,9.0
126,4.0,0.0,183.0,25.0,2.0,1,1.0,96.0,2.0
127,9.0,1.0,160.0,24.0,5.0,0,unkwn,93.0,3.0
128,5.0,1.0,159.0,23.0,4.0,1,1.0,74.0,5.0
129,99.0,1.0,162.0,26.0,0.0,,1.0,79.0,0.0
130,15.0,0.0,178.0,28.0,0.0,0,1.0,86.0,8.0
131,31.0,1.0,167.0,31.0,0.0,1,unkwn,N/A,2.0
132,8.0,0.0,179.0,24.0,0.0,,1.0,99.0,3.0
133,20.0,1.0,178.0,31.0,4.0,0,1.0,97.0,0.0
134,6.0,1.0,154.0,25.0,4.0,1,unkwn,99.0,2.0
135,11.0,0.0,180.0,23.0,4.0,0,unkwn,N/A,2.0
136,4.0,0.0,177.0,24.0,4.0,0,unkwn,N/A,4.0
137,6.0,1.0,153.0,23.0,1.0,1,unkwn,82.0,9.0
138,99.0,0.0,177.0,28.0,1.0,,unkwn,58.0,0.0
139,13.0,0.0,179.0,26.0,3.0,,unkwn,99.0,5.0
140,16.0,1.0,159.0,29.0,6.0,0,unkwn,96.0,9.0
141,6.0,1.0,164.0,25.0,4.0,0,unkwn,64.0,0.0
142,13.0,0.0,173.0,26.0,0.0,,1.0,86.0,5.0
143,-0.0,0.0,171.0,25.0,0.0,1,unkwn,96.0,9.0
144,0.0,0.0,175.0,22.0,4.0,1,1.0,N/A,5.0
145,19.0,1.0,166.0,32.0,4.0,0,1.0,94.0,6.0
146,4.0,0.0,N/A,24.0,5.0,0,0.0,81.0,0.0
147,9.0,1.0,157.0,25.0,3.0,1,1.0,87.0,7.0
148,-2.0,1.0,172.0,22.0,4.0,,0.0,91.0,8.0
149,30.0,0.0,N/A,32.0,0.0,1,unkwn,N/A,3.0
150,14.0,0.0,175.0,28.0,4.0,0,unkwn,92.0,0.0
151,9.0,1.0,156.0,23.0,0.0,1,unkwn,84.0,3.0
152,14.0,0.0,184.0,26.0,4.0,0,unkwn,91.0,3.0
153,21.0,0.0,182.0,29.0,6.0,0,1.0,87.0,2.0
154,99.0,0.0,179.0,25.0,2.0,,1.0,87.0,4.0
155,13.0,0.0,178.0,26.0,0.0,,1.0,90.0,5.0
156,7.0,0.0,180.0,23.0,5.0,0,unkwn,99.0,8.0
157,5.0,0.0,184.0,25.0,1.0,0,1.0,81.0,1.0
158,3.0,0.0,176.0,24.0,5.0,0,1.0,87.0,2.0
159,7.0,0.0,175.0,27.0,1.0,0,unkwn,90.0,1.0
160,99.0,0.0,169.0,26.0,5.0,0,1.0,77.0,1.0
161,13.0,1.0,164.0,28.0,1.0,0,1.0,N/A,6.0
162,13.0,0.0,170.0,25.0,1.0,0,1.0,91.0,3.0
163,9.0,0.0,181.0,24.0,2.0,0,1.0,85.0,4.0
164,12.0,0.0,183.0,27.0,4.0,,unkwn,95.0,2.0
165,25.0,0.0,180.0,31.0,4.0,,1.0,88.0,3.0
166,9.0,0.0,184.0,22.0,0.0,0,unkwn,89.0,4.0
167,99.0,1.0,152.0,25.0,0.0,0,1.0,89.0,0.0
168,18.0,0.0,181.0,28.0,3.0,0,unkwn,N/A,0.0
169,22.0,0.0,182.0,30.0,4.0,0,1.0,71.0,3.0
170,11.0,0.0,164.0,23.0,1.0,0,1.0,N/A,4.0
171,19.0,1.0,156.0,31.0,0.0,1,1.0,95.0,3.0
172,99.0,0.0,182.0,30.0,1.0,0,1.0,97.0,5.0
173,3.0,0.0,166.0,22.0,0.0,0,unkwn,N/A,5.0
174,20.0,0.0,180.0,26.0,0.0,0,unkwn,93.0,9.0
175,99.0,0.0,176.0,32.0,2.0,0,1.0,N/A,0.0
176,11.0,0.0,183.0,24.0,0.0,0,0.0,78.0,5.0
177,21.0,1.0,169.0,34.0,1.0,1,unkwn,90.0,3.0
178,8.0,0.0,183.0,24.0,6.0,1,unkwn,58.0,9.0
179,99.0,0.0,182.0,26.0,4.0,,0.0,92.0,1.0
180,99.0,0.0,176.0,33.0,0.0,0,unkwn,73.0,6.0
181,99.0,0.0,N/A,29.0,0.0,,unkwn,93.0,8.0
182,17.0,0.0,169.0,26.0,0.0,,1.0,84.0,5.0
183,99.0,0.0,177.0,29.0,4.0,,1.0,85.0,2.0
184,10.0,0.0,181.0,25.0,1.0,1,1.0,88.0,3.0
185,99.0,0.0,N/A,31.0,0.0,1,unkwn,92.0,3.0
186,20.0,1.0,167.0,29.0,0.0,,unkwn,81.0,6.0
187,99.0,0.0,178.0,29.0,1.0,1,1.0,91.0,9.0
188,29.0,0.0,166.0,32.0,4.0,,1.0,83.0,3.0
189,11.0,0.0,177.0,24.0,0.0,0,1.0,N/A,5.0
190,99.0,0.0,174.0,34.0,1.0,,1.0,96.0,0.0
191,14.0,1.0,171.0,27.0,0.0,0,unkwn,90.0,2.0
192,7.0,0.0,176.0,25.0,4.0,0,1.0,86.0,9.0
193,7.0,0.0,N/A,22.0,3.0,,1.0,87.0,5.0
194,99.0,1.0,167.0,29.0,0.0,1,1.0,87.0,1.0
195,10.0,0.0,173.0,24.0,0.0,1,unkwn,99.0,2.0
196,12.0,1.0,160.0,27.0,1.0,0,1.0,80.0,3.0
197,18.0,0.0,179.0,29.0,4.0,,0.0,81.0,5.0
198,10.0,0.0,175.0,28.0,1.0,,unkwn,91.0,3.0
199,27.0,1.0,157.0,33.0,4.0,,unkwn,93.0,7.0
200,99.0,0.0,N/A,26.0,1.0,0,1.0,N/A,2.0
201,9.0,0.0,N/A,26.0,3.0,1,unkwn,87.0,2.0
202,8.0,0.0,178.0,24.0,4.0,0,1.0,80.0,4.0
203,2.0,0.0,182.0,23.0,1.0,0,unkwn,97.0,6.0
204,99.0,0.0,181.0,27.0,4.0,0,1.0,93.0,5.0
205,2.0,1.0,169.0,21.0,6.0,0,1.0,N/A,0.0
206,14.0,0.0,174.0,27.0,4.0,0,1.0,90.0,5.0
207,7.0,0.0,N/A,23.0,4.0,0,1.0,80.0,0.0
208,12.0,0.0,N/A,27.0,4.0,1,0.0,81.0,4.0
209,99.0,1.0,164.0,27.0,4.0,0,1.0,97.0,3.0
210,18.0,1.0,164.0,30.0,0.0,0,unkwn,79.0,9.0
211,99.0,0.0,178.0,26.0,4.0,0,1.0,99.0,0.0
212,14.0,0.0,N/A,28.0,2.0,0,1.0,97.0,3.0
213,8.0,0.0,182.0,24.0,1.0,0,unkwn,98.0,2.0
214,10.0,0.0,175.0,24.0,2.0,0,unkwn,78.0,4.0
215,11.0,0.0,182.0,28.0,0.0,0,1.0,95.0,2.0
216,24.0,1.0,154.0,29.0,6.0,0,unkwn,90.0,1.0
217,8.0,0.0,182.0,24.0,0.0,0,1.0,N/A,2.0
218,99.0,0.0,N/A,26.0,1.0,,1.0,N/A,0.0
219,99.0,0.0,173.0,27.0,3.0,0,unkwn,75.0,6.0
220,0.0,1.0,171.0,23.0,0.0,0,unkwn,88.0,4.0
221,99.0,0.0,N/A,26.0,0.0,1,1.0,71.0,1.0
222,17.0,0.0,N/A,27.0,1.0,0,1.0,99.0,9.0
223,0.0,0.0,N/A,23.0,1.0,0,unkwn,87.0,9.0
224,9.0,0.0,N/A,23.0,0.0,0,unkwn,67.0,2.0
225,99.0,0.0,176.0,25.0,2.0,0,unkwn,87.0,1.0
226,18.0,0.0,167.0,29.0,0.0,0,1.0,95.0,5.0
227,-1.0,0.0,N/A,23.0,4.0,,unkwn,97.0,5.0
228,8.0,1.0,163.0,24.0,4.0,1,unkwn,88.0,6.0
229,4.0,0.0,182.0,23.0,4.0,0,unkwn,76.0,0.0
230,14.0,1.0,174.0,27.0,3.0,0,unkwn,90.0,2.0
231,8.0,1.0,176.0,24.0,0.0,0,unkwn,N/A,5.0
232,99.0,1.0,162.0,27.0,0.0,,1.0,79.0,1.0
233,11.0,1.0,172.0,28.0,1.0,1,1.0,92.0,0.0
234,6.0,1.0,160.0,21.0,0.0,1,1.0,91.0,1.0
235,23.0,1.0,169.0,31.0,1.0,0,unkwn,96.0,3.0
236,12.0,0.0,171.0,25.0,3.0,0,1.0,N/A,3.0
237,7.0,1.0,155.0,25.0,0.0,0,1.0,89.0,6.0
238,17.0,1.0,158.0,27.0,0.0,1,unkwn,N/A,7.0
239,99.0,0.0,181.0,27.0,4.0,,unkwn,90.0,1.0
240,99.0,0.0,179.0,26.0,3.0,,unkwn,N/A,2.0
241,11.0,0.0,N/A,26.0,0.0,1,unkwn,97.0,3.0
242,99.0,0.0,178.0,31.0,1.0,0,1.0,N/A,0.0
243,3.0,0.0,173.0,23.0,0.0,0,1.0,85.0,2.0
244,7.0,0.0,177.0,25.0,3.0,,1.0,82.0,7.0
245,99.0,1.0,170.0,25.0,1.0,0,1.0,N/A,1.0
246,99.0,0.0,181.0,22.0,3.0,,1.0,77.0,6.0
247,1.0,0.0,172.0,21.0,1.0,,1.0,91.0,4.0
248,2.0,1.0,166.0,23.0,4.0,0,1.0,82.0,8.0
249,99.0,1.0,165.0,28.0,1.0,,1.0,79.0,0.0
250,0.0,0.0,N/A,24.0,2.0,1,1.0,77.0,2.0
251,99.0,0.0,182.0,25.0,0.0,0,0.0,86.0,2.0
252,14.0,1.0,173.0,28.0,4.0,0,unkwn,N/A,8.0
253,12.0,0.0,178.0,27.0,1.0,,1.0,81.0,1.0
254,99.0,0.0,168.0,28.0,0.0,0,1.0,86.0,2.0
255,14.0,1.0,170.0,26.0,3.0,0,unkwn,93.0,6.0
256,3.0,1.0,163.0,25.0,0.0,0,1.0,93.0,2.0
257,6.0,0.0,174.0,25.0,3.0,1,1.0,77.0,3.0
258,12.0,1.0,166.0,27.0,2.0,0,1.0,86.0,7.0
259,20.0,0.0,184.0,27.0,0.0,0,0.0,N/A,6.0
260,99.0,1.0,183.0,27.0,0.0,0,1.0,90.0,3.0
261,21.0,0.0,182.0,30.0,2.0,1,unkwn,79.0,0.0
262,12.0,0.0,N/A,29.0,0.0,0,1.0,86.0,7.0
263,7.0,0.0,174.0,22.0,1.0,0,unkwn,79.0,4.0
264,99.0,0.0,178.0,26.0,1.0,0,1.0,N/A,6.0
265,15.0,0.0,184.0,25.0,0.0,1,1.0,73.0,4.0
266,18.0,0.0,176.0,28.0,1.0,0,unkwn,81.0,1.0
267,7.0,1.0,162.0,24.0,1.0,0,1.0,N/A,5.0
268,23.0,1.0,171.0,31.0,0.0,0,0.0,93.0,5.0
269,13.0,0.0,184.0,27.0,3.0,1,unkwn,93.0,2.0
270,13.0,0.0,178.0,29.0,4.0,0,1.0,88.0,3.0
271,28.0,0.0,N/A,32.0,4.0,0,1.0,85.0,3.0
272,17.0,1.0,180.0,25.0,4.0,,1.0,96.0,9.0
273,99.0,0.0,180.0,23.0,1.0,0,unkwn,92.0,6.0
274,8.0,1.0,170.0,24.0,0.0,,1.0,87.0,2.0
275,99.0,0.0,176.0,29.0,1.0,1,1.0,N/A,2.0
276,10.0,0.0,178.0,26.0,5.0,0,1.0,86.0,5.0
277,21.0,0.0,N/A,31.0,4.0,0,unkwn,94.0,2.0
278,99.0,1.0,145.0,23.0,4.0,0,0.0,70.0,0.0
279,18.0,0.0,166.0,29.0,4.0,1,0.0,87.0,6.0
280,7.0,0.0,N/A,23.0,2.0,0,1.0,92.0,3.0
281,8.0,1.0,178.0,23.0,3.0,0,unkwn,98.0,0.0
282,-0.0,1.0,160.0,24.0,5.0,0,1.0,91.0,0.0
283,99.0,1.0,165.0,32.0,6.0,1,unkwn,95.0,2.0
284,10.0,0.0,184.0,25.0,6.0,,unkwn,N/A,3.0
285,24.0,0.0,N/A,27.0,5.0,0,0.0,93.0,7.0
286,20.0,0.0,183.0,30.0,1.0,0,1.0,N/A,4.0
287,6.0,1.0,160.0,24.0,4.0,,1.0,N/A,8.0
288,7.0,0.0,177.0,22.0,1.0,0,1.0,N/A,5.0
289,13.0,0.0,N/A,28.0,1.0,,unkwn,84.0,2.0
290,99.0,0.0,180.0,30.0,1.0,1,0.0,N/A,2.0
291,99.0,0.0,N/A,25.0,0.0,0,1.0,93.0,3.0
292,13.0,0.0,175.0,26.0,6.0,1,1.0,N/A,2.0
293,99.0,0.0,184.0,24.0,0.0,1,1.0,92.0,3.0
294,22.0,0.0,N/A,30.0,1.0,0,1.0,95.0,0.0
295,15.0,0.0,170.0,30.0,4.0,1,1.0,78.0,0.0
296,21.0,1.0,172.0,28.0,4.0,0,1.0,72.0,0.0
297,99.0,0.0,N/A,32.0,3.0,0,1.0,84.0,5.0
298,6.0,0.0,173.0,27.0,4.0,,1.0,90.0,0.0
299,9.0,1.0,165.0,24.0,3.0,0,1.0,78.0,5.0
300,3.0,0.0,176.0,24.0,1.0,,unkwn,80.0,6.0
301,6.0,0.0,170.0,25.0,3.0,,1.0,89.0,5.0
302,22.0,1.0,169.0,29.0,4.0,0,1.0,85.0,4.0
303,17.0,1.0,156.0,26.0,0.0,1,0.0,87.0,6.0
304,21.0,1.0,163.0,28.0,2.0,1,unkwn,80.0,8.0
305,12.0,0.0,N/A,26.0,4.0,1,0.0,98.0,5.0
306,4.0,1.0,157.0,24.0,0.0,0,1.0,85.0,9.0
307,21.0,0.0,184.0,27.0,1.0,0,1.0,77.0,5.0
308,21.0,0.0,N/A,31.0,3.0,0,unkwn,86.0,2.0
309,6.0,0.0,N/A,24.0,2.0,1,unkwn,91.0,2.0
310,99.0,0.0,180.0,30.0,3.0,1,1.0,N/A,4.0
311,9.0,0.0,159.0,26.0,4.0,0,unkwn,84.0,8.0
312,7.0,0.0,178.0,27.0,1.0,0,1.0,90.0,8.0
313,5.0,0.0,184.0,23.0,4.0,,unkwn,97.0,1.0
314,99.0,1.0,163.0,24.0,3.0,0,unkwn,72.0,7.0
315,22.0,1.0,171.0,28.0,1.0,,1.0,N/A,9.0
316,24.0,0.0,178.0,31.0,4.0,0,1.0,N/A,2.0
317,5.0,1.0,162.0,24.0,2.0,0,1.0,93.0,2.0
318,12.0,0.0,175.0,27.0,5.0,,unkwn,85.0,1.0
319,-0.0,0.0,167.0,22.0,1.0,0,1.0,97.0,3.0
320,16.0,1.0,163.0,28.0,4.0,0,1.0,86.0,3.0
321,27.0,0.0,180.0,33.0,4.0,0,1.0,90.0,7.0
322,16.0,1.0,165.0,31.0,1.0,0,0.0,N/A,1.0
323,6.0,0.0,174.0,25.0,0.0,,1.0,N/A,3.0
324,5.0,0.0,N/A,25.0,4.0,,0.0,64.0,8.0
325,6.0,1.0,170.0,24.0,2.0,0,unkwn,70.0,1.0
326,99.0,0.0,181.0,27.0,0.0,1,0.0,80.0,5.0
327,99.0,0.0,N/A,28.0,3.0,,1.0,78.0,1.0
328,7.0,1.0,170.0,24.0,1.0,0,1.0,93.0,2.0
329,4.0,1.0,162.0,22.0,4.0,0,1.0,96.0,2.0
330,99.0,0.0,173.0,27.0,3.0,,1.0,85.0,6.0
331,6.0,0.0,173.0,26.0,5.0,0,1.0,98.0,3.0
332,13.0,1.0,170.0,26.0,1.0,,1.0,76.0,0.0
333,7.0,0.0,N/A,22.0,2.0,0,1.0,97.0,3.0
334,8.0,1.0,176.0,25.0,6.0,0,unkwn,92.0,3.0
335,12.0,1.0,150.0,26.0,0.0,0,unkwn,81.0,1.0
336,99.0,0.0,N/A,28.0,0.0,0,1.0,73.0,4.0
337,4.0,1.0,173.0,21.0,1.0,0,1.0,94.0,9.0
338,17.0,1.0,169.0,28.0,1.0,,1.0,91.0,6.0
339,10.0,1.0,173.0,26.0,5.0,,unkwn,77.0,2.0
340,9.0,1.0,175.0,24.0,0.0,1,1.0,77.0,2.0
341,6.0,0.0,168.0,25.0,4.0,,1.0,89.0,2.0
342,7.0,0.0,180.0,22.0,4.0,1,1.0,80.0,2.0
343,99.0,1.0,162.0,25.0,1.0,,unkwn,N/A,4.0
344,15.0,0.0,N/A,26.0,2.0,,unkwn,N/A,2.0
345,21.0,0.0,174.0,32.0,1.0,,unkwn,93.0,4.0
346,2.0,1.0,163.0,24.0,1.0,1,unkwn,82.0,9.0
347,10.0,0.0,N/A,25.0,0.0,,unkwn,N/A,4.0
348,30.0,1.0,154.0,33.0,0.0,1,1.0,84.0,7.0
349,3.0,0.0,167.0,23.0,0.0,,1.0,82.0,3.0
350,11.0,0.0,162.0,24.0,2.0,0,unkwn,75.0,1.0
351,6.0,1.0,167.0,23.0,0.0,,1.0,71.0,3.0
352,3.0,0.0,N/A,23.0,0.0,1,1.0,85.0,2.0
353,14.0,1.0,174.0,24.0,4.0,0,unkwn,87.0,5.0
354,99.0,1.0,163.0,24.0,0.0,0,1.0,98.0,7.0
355,12.0,1.0,178.0,25.0,2.0,1,unkwn,87.0,5.0
356,9.0,0.0,175.0,23.0,2.0,0,1.0,84.0,0.0
357,8.0,1.0,159.0,25.0,6.0,,unkwn,95.0,1.0
358,99.0,1.0,167.0,30.0,0.0,,1.0,99.0,2.0
359,7.0,0.0,182.0,27.0,0.0,0,1.0,80.0,6.0
360,21.0,1.0,165.0,27.0,0.0,1,0.0,96.0,4.0
361,5.0,1.0,160.0,23.0,2.0,1,1.0,79.0,3.0
362,5.0,0.0,N/A,23.0,4.0,1,unkwn,79.0,6.0
363,15.0,0.0,181.0,26.0,0.0,1,unkwn,84.0,2.0
364,17.0,0.0,171.0,29.0,4.0,0,1.0,89.0,2.0
365,99.0,0.0,184.0,26.0,1.0,1,unkwn,86.0,4.0
366,19.0,0.0,167.0,28.0,5.0,1,unkwn,93.0,1.0
367,11.0,0.0,168.0,28.0,4.0,0,1.0,82.0,7.0
368,20.0,1.0,164.0,30.0,1.0,0,unkwn,76.0,1.0
369,99.0,0.0,175.0,31.0,0.0,0,1.0,97.0,2.0
370,16.0,1.0,167.0,26.0,4.0,0,1.0,81.0,1.0
371,10.0,0.0,165.0,24.0,1.0,,0.0,86.0,5.0
372,6.0,0.0,179.0,25.0,0.0,1,unkwn,83.0,2.0
373,10.0,0.0,175.0,29.0,0.0,0,1.0,85.0,6.0
374,3.0,0.0,175.0,22.0,2.0,1,unkwn,84.0,3.0
375,17.0,1.0,176.0,27.0,2.0,0,1.0,98.0,5.0
376,10.0,0.0,N/A,26.0,0.0,0,unkwn,83.0,5.0
377,0.0,0.0,169.0,22.0,6.0,1,1.0,N/A,7.0
378,9.0,0.0,N/A,27.0,4.0,0,unkwn,97.0,3.0
379,99.0,0.0,180.0,25.0,0.0,,0.0,88.0,6.0
380,19.0,1.0,173.0,31.0,4.0,,1.0,79.0,3.0
381,99.0,0.0,181.0,30.0,0.0,,1.0,98.0,0.0
382,5.0,0.0,N/A,21.0,2.0,0,1.0,N/A,2.0
383,6.0,0.0,173.0,21.0,1.0,,unkwn,73.0,1.0
384,5.0,1.0,N/A,23.0,4.0,,1.0,88.0,9.0
385,12.0,0.0,N/A,27.0,1.0,0,1.0,91.0,4.0
386,9.0,0.0,179.0,27.0,4.0,1,1.0,87.0,3.0
387,8.0,0.0,183.0,23.0,0.0,0,1.0,88.0,2.0
388,8.0,0.0,N/A,26.0,0.0,,0.0,85.0,5.0
389,6.0,0.0,168.0,24.0,1.0,0,1.0,91.0,6.0
390,9.0,0.0,N/A,25.0,0.0,,unkwn,82.0,7.0
391,-3.0,1.0,156.0,21.0,3.0,0,1.0,91.0,8.0
392,-1.0,0.0,172.0,23.0,4.0,1,1.0,83.0,2.0
393,14.0,1.0,159.0,27.0,1.0,1,1.0,90.0,6.0
394,99.0,1.0,167.0,26.0,1.0,1,1.0,79.0,4.0
395,7.0,1.0,175.0,21.0,1.0,0,unkwn,N/A,1.0
396,7.0,0.0,178.0,22.0,0.0,,unkwn,88.0,3.0
397,22.0,0.0,170.0,31.0,0.0,,1.0,86.0,4.0
398,99.0,0.0,174.0,24.0,0.0,,unkwn,81.0,9.0
399,13.0,1.0,160.0,31.0,4.0,1,1.0,N/A,2.0
400,10.0,1.0,165.0,28.0,4.0,0,unkwn,88.0,4.0
401,7.0,1.0,167.0,25.0,0.0,1,unkwn,73.0,2.0
402,20.0,0.0,183.0,29.0,4.0,0,unkwn,90.0,2.0
403,99.0,0.0,179.0,28.0,6.0,1,1.0,89.0,7.0
404,99.0,0.0,170.0,28.0,1.0,1,1.0,N/A,1.0
405,2.0,0.0,175.0,21.0,4.0,0,0.0,82.0,2.0
406,13.0,0.0,N/A,23.0,4.0,0,1.0,98.0,3.0
407,99.0,0.0,183.0,25.0,0.0,,1.0,91.0,1.0
408,13.0,0.0,N/A,24.0,0.0,0,1.0,82.0,2.0
409,3.0,0.0,172.0,22.0,3.0,,1.0,86.0,2.0
410,8.0,0.0,182.0,23.0,4.0,1,unkwn,N/A,5.0
411,4.0,1.0,155.0,22.0,4.0,0,unkwn,90.0,2.0
412,2.0,1.0,161.0,22.0,1.0,1,unkwn,89.0,2.0
413,7.0,0.0,N/A,25.0,0.0,0,1.0,74.0,5.0
414,5.0,1.0,166.0,23.0,0.0,1,1.0,89.0,2.0
415,21.0,0.0,171.0,29.0,2.0,,1.0,85.0,7.0
416,21.0,0.0,N/A,29.0,6.0,1,1.0,85.0,2.0
417,15.0,0.0,180.0,26.0,0.0,1,1.0,97.0,2.0
418,7.0,0.0,176.0,23.0,6.0,0,unkwn,95.0,9.0
419,16.0,0.0,N/A,27.0,0.0,1,1.0,98.0,5.0
420,14.0,0.0,177.0,27.0,0.0,0,0.0,91.0,0.0
421,11.0,0.0,170.0,26.0,0.0,0,1.0,79.0,3.0
422,99.0,0.0,181.0,27.0,1.0,1,0.0,75.0,2.0
423,99.0,1.0,174.0,24.0,4.0,,1.0,91.0,6.0
424,24.0,0.0,151.0,32.0,4.0,,1.0,73.0,7.0
425,27.0,1.0,140.0,34.0,1.0,0,1.0,N/A,4.0
426,4.0,0.0,166.0,25.0,1.0,1,1.0,85.0,0.0
427,99.0,0.0,177.0,29.0,4.0,0,1.0,64.0,0.0
428,1.0,0.0,181.0,22.0,1.0,,0.0,91.0,7.0
429,17.0,0.0,N/A,25.0,1.0,1,0.0,96.0,8.0
430,5.0,0.0,182.0,25.0,1.0,0,1.0,N/A,8.0
431,2.0,0.0,182.0,23.0,0.0,0,unkwn,96.0,2.0
432,1.0,1.0,157.0,24.0,4.0,1,1.0,84.0,2.0
433,8.0,1.0,174.0,24.0,0.0,0,unkwn,89.0,2.0
434,99.0,0.0,183.0,30.0,4.0,,unkwn,79.0,2.0
435,11.0,1.0,162.0,22.0,4.0,1,1.0,86.0,6.0
436,5.0,1.0,167.0,22.0,4.0,0,0.0,99.0,1.0
437,10.0,0.0,N/A,22.0,0.0,0,1.0,87.0,2.0
438,7.0,1.0,170.0,23.0,0.0,1,1.0,95.0,5.0
439,7.0,0.0,171.0,22.0,4.0,,unkwn,92.0,5.0
440,13.0,1.0,171.0,23.0,4.0,0,0.0,90.0,4.0
441,4.0,1.0,164.0,26.0,4.0,,0.0,75.0,9.0
442,8.0,1.0,156.0,22.0,0.0,0,0.0,88.0,2.0
443,99.0,0.0,178.0,31.0,0.0,,unkwn,82.0,2.0
444,99.0,0.0,171.0,26.0,0.0,0,0.0,85.0,3.0
445,7.0,1.0,169.0,22.0,1.0,,unkwn,90.0,6.0
446,2.0,0.0,N/A,24.0,0.0,0,1.0,93.0,0.0
447,1.0,0.0,167.0,22.0,0.0,0,unkwn,89.0,4.0
448,13.0,1.0,162.0,28.0,0.0,1,1.0,73.0,7.0
449,5.0,1.0,155.0,26.0,0.0,0,1.0,83.0,5.0
450,99.0,0.0,179.0,30.0,0.0,1,unkwn,99.0,1.0
451,3.0,1.0,160.0,27.0,0.0,1,unkwn,89.0,1.0
452,25.0,0.0,N/A,30.0,2.0,,0.0,95.0,1.0
453,-0.0,1.0,164.0,21.0,4.0,,1.0,88.0,2.0
454,15.0,1.0,179.0,28.0,0.0,0,1.0,87.0,1.0
455,-1.0,0.0,180.0,24.0,2.0,0,1.0,81.0,9.0
456,9.0,0.0,175.0,26.0,1.0,1,1.0,98.0,2.0
457,13.0,0.0,166.0,30.0,6.0,,unkwn,79.0,0.0
458,6.0,0.0,167.0,23.0,0.0,0,unkwn,78.0,1.0
459,17.0,0.0,184.0,28.0,0.0,0,0.0,98.0,4.0
460,12.0,0.0,174.0,30.0,6.0,,unkwn,90.0,2.0
461,7.0,0.0,176.0,22.0,0.0,0,0.0,76.0,2.0
462,11.0,1.0,169.0,28.0,4.0,0,1.0,88.0,3.0
463,99.0,1.0,157.0,26.0,2.0,0,0.0,N/A,5.0
464,8.0,0.0,179.0,24.0,6.0,1,0.0,77.0,3.0
465,15.0,1.0,161.0,28.0,1.0,0,0.0,86.0,8.0
466,18.0,0.0,171.0,27.0,3.0,0,0.0,97.0,2.0
467,2.0,1.0,157.0,23.0,0.0,0,0.0,80.0,0.0
468,99.0,0.0,173.0,31.0,1.0,0,1.0,79.0,2.0
469,-1.0,1.0,165.0,22.0,0.0,0,unkwn,98.0,4.0
470,99.0,0.0,183.0,23.0,4.0,0,1.0,77.0,4.0
471,99.0,1.0,165.0,24.0,1.0,,unkwn,89.0,2.0
472,-0.0,0.0,183.0,21.0,0.0,0,1.0,83.0,3.0
473,17.0,1.0,171.0,29.0,4.0,,unkwn,70.0,5.0
474,8.0,0.0,N/A,23.0,0.0,,0.0,78.0,3.0
475,9.0,1.0,163.0,23.0,4.0,0,unkwn,82.0,2.0
476,99.0,0.0,181.0,25.0,0.0,1,unkwn,83.0,3.0
477,5.0,1.0,177.0,25.0,4.0,1,1.0,90.0,0.0
478,9.0,0.0,176.0,24.0,6.0,0,1.0,88.0,2.0
479,19.0,0.0,175.0,28.0,1.0,0,0.0,97.0,6.0
480,-1.0,0.0,173.0,20.0,0.0,0,1.0,77.0,3.0
481,99.0,1.0,160.0,27.0,2.0,1,1.0,97.0,6.0
482,3.0,0.0,183.0,23.0,6.0,,unkwn,88.0,7.0
483,9.0,1.0,167.0,26.0,4.0,0,unkwn,99.0,3.0
484,26.0,0.0,N/A,32.0,4.0,,unkwn,81.0,6.0
485,99.0,0.0,177.0,27.0,0.0,0,0.0,N/A,5.0
486,99.0,0.0,183.0,24.0,2.0,0,unkwn,N/A,4.0
487,99.0,0.0,167.0,30.0,0.0,,1.0,76.0,3.0
488,99.0,0.0,N/A,24.0,1.0,0,1.0,N/A,2.0
489,24.0,0.0,N/A,33.0,3.0,1,1.0,77.0,4.0
490,33.0,0.0,176.0,36.0,1.0,,1.0,N/A,4.0
491,99.0,0.0,172.0,23.0,1.0,0,unkwn,94.0,2.0
492,7.0,0.0,169.0,26.0,1.0,0,unkwn,95.0,2.0
493,8.0,1.0,161.0,23.0,2.0,0,1.0,91.0,1.0
494,99.0,1.0,156.0,27.0,4.0,,1.0,90.0,1.0
495,12.0,0.0,176.0,26.0,5.0,1,1.0,87.0,3.0
496,14.0,0.0,168.0,26.0,2.0,,unkwn,81.0,6.0
497,9.0,0.0,174.0,24.0,0.0,0,1.0,76.0,4.0
498,8.0,0.0,N/A,25.0,3.0,1,1.0,77.0,2.0
499,5.0,0.0,175.0,22.0,6.0,,1.0,98.0,2.0
500,28.0,0.0,169.0,33.0,4.0,0,unkwn,N/A,3.0
501,3.0,0.0,180.0,23.0,0.0,,unkwn,97.0,2.0
502,15.0,1.0,170.0,23.0,0.0,1,0.0,88.0,3.0
503,4.0,0.0,170.0,24.0,0.0,,1.0,85.0,6.0
504,8.0,0.0,178.0,27.0,0.0,0,1.0,91.0,5.0
505,99.0,1.0,162.0,27.0,0.0,0,unkwn,93.0,2.0
506,99.0,0.0,179.0,23.0,4.0,,1.0,84.0,0.0
507,6.0,1.0,166.0,23.0,0.0,,1.0,87.0,6.0
508,16.0,0.0,171.0,25.0,0.0,0,1.0,89.0,4.0
509,1.0,0.0,N/A,21.0,6.0,,1.0,76.0,4.0
510,7.0,1.0,165.0,24.0,1.0,1,1.0,68.0,2.0
511,7.0,1.0,152.0,24.0,1.0,,1.0,88.0,2.0
512,7.0,0.0,166.0,28.0,0.0,0,1.0,95.0,5.0
513,13.0,1.0,174.0,26.0,5.0,0,unkwn,N/A,7.0
514,-5.0,0.0,181.0,21.0,6.0,0,1.0,89.0,5.0
515,6.0,0.0,183.0,23.0,5.0,,unkwn,92.0,4.0
516,20.0,1.0,173.0,28.0,6.0,,1.0,96.0,3.0
517,4.0,0.0,178.0,23.0,3.0,0,0.0,75.0,4.0
518,6.0,0.0,N/A,26.0,3.0,0,0.0,78.0,0.0
519,99.0,0.0,172.0,25.0,6.0,1,1.0,N/A,3.0
520,16.0,0.0,N/A,26.0,1.0,0,unkwn,89.0,3.0
521,15.0,0.0,183.0,26.0,4.0,0,1.0,80.0,0.0
522,16.0,0.0,168.0,27.0,1.0,1,1.0,90.0,7.0
523,15.0,0.0,171.0,28.0,6.0,1,1.0,97.0,8.0
524,4.0,0.0,N/A,23.0,1.0,1,1.0,87.0,2.0
525,6.0,1.0,172.0,24.0,3.0,0,1.0,94.0,9.0
526,5.0,0.0,179.0,21.0,3.0,0,1.0,91.0,2.0
527,8.0,0.0,179.0,24.0,4.0,0,unkwn,82.0,2.0
528,1.0,0.0,155.0,21.0,3.0,0,1.0,77.0,4.0
529,9.0,0.0,179.0,23.0,1.0,0,1.0,85.0,0.0
530,13.0,1.0,178.0,27.0,5.0,,1.0,95.0,4.0
531,21.0,0.0,173.0,30.0,0.0,,1.0,N/A,4.0
532,7.0,0.0,179.0,25.0,0.0,0,unkwn,89.0,0.0
533,9.0,0.0,N/A,26.0,3.0,1,unkwn,79.0,6.0
534,12.0,0.0,N/A,25.0,0.0,0,1.0,N/A,5.0
535,11.0,1.0,162.0,28.0,0.0,1,0.0,N/A,6.0
536,5.0,1.0,157.0,22.0,1.0,0,1.0,88.0,7.0
537,9.0,0.0,183.0,27.0,4.0,,unkwn,93.0,2.0
538,99.0,0.0,N/A,27.0,0.0,,0.0,N/A,6.0
539,12.0,1.0,173.0,25.0,0.0,1,0.0,99.0,3.0
540,-5.0,0.0,177.0,21.0,2.0,0,unkwn,71.0,4.0
541,9.0,0.0,176.0,24.0,3.0,,unkwn,93.0,7.0
542,9.0,0.0,N/A,24.0,1.0,1,1.0,75.0,7.0
543,12.0,1.0,183.0,25.0,3.0,,1.0,94.0,2.0
544,18.0,0.0,179.0,28.0,3.0,,unkwn,77.0,0.0
545,5.0,0.0,179.0,23.0,1.0,0,1.0,92.0,6.0
546,0.0,0.0,175.0,22.0,1.0,1,1.0,98.0,2.0
547,16.0,0.0,181.0,27.0,6.0,0,1.0,86.0,8.0
548,4.0,0.0,161.0,23.0,2.0,1,1.0,77.0,2.0
549,12.0,0.0,184.0,26.0,1.0,0,unkwn,89.0,1.0
550,99.0,0.0,N/A,25.0,0.0,,1.0,89.0,2.0
551,13.0,0.0,177.0,26.0,2.0,0,unkwn,82.0,5.0
552,11.0,1.0,170.0,23.0,4.0,0,1.0,N/A,5.0
553,16.0,0.0,168.0,24.0,6.0,0,1.0,93.0,3.0
554,1.0,0.0,181.0,22.0,0.0,,1.0,97.0,2.0
555,18.0,1.0,170.0,30.0,4.0,,unkwn,81.0,9.0
556,19.0,0.0,181.0,29.0,3.0,1,1.0,82.0,1.0
557,4.0,0.0,N/A,24.0,0.0,,unkwn,73.0,8.0
558,9.0,0.0,N/A,24.0,0.0,0,unkwn,88.0,5.0
559,30.0,0.0,177.0,35.0,0.0,0,0.0,86.0,3.0
560,99.0,0.0,176.0,33.0,1.0,,unkwn,82.0,0.0
561,9.0,1.0,181.0,27.0,2.0,0,1.0,93.0,4.0
562,8.0,0.0,180.0,23.0,0.0,0,1.0,82.0,2.0
563,16.0,0.0,177.0,27.0,1.0,0,1.0,90.0,3.0
564,19.0,0.0,182.0,26.0,1.0,0,1.0,N/A,9.0
565,8.0,0.0,170.0,25.0,0.0,0,unkwn,89.0,1.0
566,19.0,1.0,176.0,28.0,0.0,1,1.0,N/A,5.0
567,21.0,0.0,173.0,30.0,0.0,,unkwn,N/A,2.0
568,99.0,1.0,164.0,23.0,5.0,,1.0,86.0,6.0
569,99.0,1.0,171.0,27.0,1.0,1,1.0,88.0,2.0
570,3.0,0.0,154.0,24.0,4.0,0,unkwn,89.0,2.0
571,11.0,0.0,179.0,24.0,2.0,1,1.0,71.0,9.0
572,27.0,1.0,170.0,33.0,4.0,0,unkwn,N/A,0.0
573,14.0,0.0,178.0,28.0,1.0,0,1.0,89.0,7.0
574,7.0,0.0,179.0,23.0,1.0,0,unkwn,80.0,6.0
575,17.0,0.0,169.0,31.0,4.0,,1.0,91.0,2.0
576,25.0,0.0,173.0,30.0,4.0,0,unkwn,95.0,5.0
577,99.0,0.0,181.0,27.0,6.0,0,unkwn,91.0,3.0
578,21.0,1.0,172.0,32.0,5.0,,unkwn,86.0,3.0
579,-2.0,0.0,174.0,21.0,1.0,,1.0,85.0,5.0
580,10.0,0.0,175.0,24.0,0.0,,unkwn,98.0,2.0
581,7.0,1.0,162.0,22.0,0.0,0,unkwn,98.0,2.0
582,11.0,0.0,182.0,26.0,5.0,1,unkwn,92.0,3.0
583,2.0,1.0,172.0,24.0,4.0,,0.0,N/A,2.0
584,2.0,0.0,177.0,25.0,0.0,,unkwn,86.0,1.0
585,9.0,0.0,178.0,24.0,0.0,,unkwn,96.0,0.0
586,4.0,0.0,181.0,24.0,0.0,,1.0,91.0,7.0
587,4.0,1.0,158.0,23.0,0.0,1,unkwn,92.0,1.0
588,5.0,0.0,171.0,22.0,1.0,1,unkwn,86.0,5.0
589,0.0,0.0,172.0,20.0,1.0,0,1.0,N/A,9.0
590,8.0,0.0,177.0,26.0,1.0,0,1.0,97.0,6.0
591,4.0,1.0,172.0,21.0,0.0,,1.0,N/A,2.0
592,7.0,0.0,175.0,26.0,1.0,,unkwn,92.0,4.0
593,99.0,0.0,184.0,27.0,0.0,1,0.0,77.0,1.0
594,3.0,0.0,N/A,22.0,4.0,0,1.0,91.0,5.0
595,3.0,1.0,174.0,23.0,1.0,0,unkwn,83.0,3.0
596,19.0,0.0,N/A,29.0,1.0,0,1.0,80.0,5.0
597,-1.0,0.0,171.0,22.0,0.0,0,0.0,92.0,0.0
598,10.0,0.0,175.0,27.0,0.0,1,unkwn,95.0,1.0
599,-2.0,1.0,162.0,21.0,0.0,,unkwn,84.0,5.0
600,9.0,0.0,174.0,25.0,0.0,0,1.0,91.0,6.0
601,99.0,0.0,175.0,24.0,1.0,1,unkwn,91.0,6.0
602,-4.0,0.0,N/A,21.0,0.0,0,0.0,93.0,8.0
603,6.0,0.0,N/A,27.0,4.0,0,0.0,99.0,9.0
604,8.0,0.0,172.0,27.0,1.0,1,unkwn,93.0,1.0
605,19.0,0.0,N/A,30.0,1.0,,0.0,N/A,1.0
606,9.0,0.0,179.0,25.0,1.0,0,1.0,90.0,2.0
607,-3.0,0.0,171.0,20.0,0.0,1,unkwn,64.0,9.0
608,17.0,1.0,164.0,27.0,0.0,0,1.0,94.0,8.0
609,99.0,1.0,159.0,31.0,2.0,0,unkwn,N/A,7.0
610,14.0,0.0,180.0,28.0,5.0,1,unkwn,81.0,5.0
611,10.0,0.0,N/A,24.0,0.0,,unkwn,N/A,8.0
612,19.0,0.0,173.0,30.0,4.0,0,unkwn,76.0,2.0
613,13.0,0.0,169.0,28.0,4.0,,unkwn,93.0,3.0
614,13.0,1.0,161.0,29.0,2.0,,unkwn,95.0,5.0
615,99.0,0.0,182.0,33.0,6.0,,1.0,84.0,8.0
616,7.0,0.0,177.0,23.0,1.0,,unkwn,91.0,5.0
617,2.0,0.0,177.0,21.0,0.0,0,1.0,80.0,2.0
618,5.0,0.0,179.0,24.0,3.0,,unkwn,77.0,3.0
619,7.0,0.0,N/A,22.0,0.0,1,1.0,96.0,3.0
620,99.0,1.0,162.0,29.0,0.0,0,unkwn,N/A,2.0
621,16.0,0.0,168.0,26.0,0.0,1,1.0,84.0,3.0
622,99.0,1.0,178.0,29.0,5.0,1,unkwn,N/A,4.0
623,4.0,0.0,183.0,22.0,2.0,,1.0,87.0,6.0
624,11.0,0.0,161.0,22.0,0.0,0,1.0,88.0,5.0
625,21.0,0.0,178.0,29.0,6.0,0,1.0,N/A,1.0
626,99.0,0.0,N/A,26.0,0.0,,unkwn,86.0,7.0
627,10.0,0.0,172.0,26.0,1.0,0,1.0,93.0,4.0
628,20.0,1.0,171.0,25.0,1.0,,1.0,77.0,3.0
629,16.0,0.0,181.0,27.0,5.0,0,unkwn,89.0,3.0
630,24.0,0.0,174.0,28.0,5.0,1,1.0,N/A,5.0
631,2.0,0.0,N/A,22.0,6.0,,1.0,90.0,6.0
632,17.0,1.0,170.0,27.0,1.0,0,1.0,76.0,5.0
633,8.0,0.0,174.0,23.0,0.0,1,1.0,88.0,3.0
634,14.0,1.0,168.0,27.0,1.0,1,unkwn,97.0,2.0
635,99.0,0.0,174.0,25.0,1.0,1,1.0,N/A,2.0
636,12.0,0.0,162.0,26.0,2.0,,1.0,89.0,7.0
637,3.0,1.0,162.0,22.0,5.0,1,1.0,78.0,0.0
638,16.0,0.0,177.0,22.0,0.0,,1.0,81.0,6.0
639,9.0,0.0,N/A,25.0,6.0,,0.0,N/A,0.0
640,3.0,1.0,165.0,21.0,0.0,1,1.0,92.0,1.0
641,-9.0,1.0,170.0,22.0,0.0,1,1.0,94.0,3.0
642,99.0,1.0,169.0,24.0,0.0,0,1.0,86.0,7.0
643,8.0,1.0,165.0,21.0,1.0,0,1.0,83.0,2.0
644,4.0,0.0,N/A,21.0,0.0,1,1.0,84.0,3.0
645,99.0,0.0,N/A,31.0,0.0,0,1.0,N/A,2.0
646,7.0,0.0,183.0,25.0,0.0,0,1.0,96.0,0.0
647,99.0,0.0,178.0,26.0,4.0,0,1.0,95.0,7.0
648,17.0,0.0,N/A,25.0,4.0,0,1.0,76.0,2.0
649,-2.0,0.0,171.0,21.0,0.0,0,1.0,95.0,8.0
650,13.0,0.0,177.0,28.0,3.0,0,1.0,81.0,6.0
651,11.0,0.0,180.0,26.0,1.0,0,unkwn,96.0,1.0
652,9.0,0.0,176.0,25.0,2.0,0,unkwn,95.0,4.0
653,11.0,0.0,172.0,23.0,0.0,0,1.0,N/A,2.0
654,99.0,0.0,177.0,25.0,0.0,,0.0,81.0,9.0
655,7.0,0.0,181.0,24.0,6.0,0,0.0,72.0,0.0
656,6.0,1.0,175.0,24.0,1.0,0,unkwn,68.0,2.0
657,16.0,0.0,174.0,29.0,3.0,,1.0,N/A,1.0
658,99.0,1.0,168.0,29.0,3.0,1,0.0,87.0,4.0
659,99.0,0.0,181.0,30.0,4.0,1,0.0,84.0,9.0
660,19.0,0.0,N/A,26.0,0.0,0,1.0,N/A,2.0
661,22.0,1.0,174.0,34.0,0.0,0,unkwn,90.0,4.0
662,18.0,0.0,N/A,29.0,0.0,0,0.0,86.0,5.0
663,17.0,1.0,167.0,25.0,1.0,0,1.0,91.0,6.0
664,8.0,0.0,181.0,26.0,3.0,0,1.0,92.0,4.0
665,23.0,0.0,177.0,32.0,4.0,,unkwn,93.0,9.0
666,8.0,0.0,N/A,25.0,0.0,,unkwn,98.0,1.0
667,11.0,0.0,167.0,30.0,2.0,,unkwn,N/A,2.0
668,15.0,1.0,153.0,28.0,0.0,1,0.0,79.0,6.0
669,11.0,0.0,165.0,26.0,2.0,,1.0,99.0,1.0
670,99.0,0.0,173.0,24.0,1.0,,unkwn,N/A,0.0
671,14.0,1.0,179.0,26.0,0.0,0,1.0,89.0,7.0
672,1.0,0.0,169.0,24.0,4.0,0,unkwn,N/A,0.0
673,9.0,0.0,182.0,23.0,6.0,,0.0,90.0,3.0
674,11.0,1.0,163.0,27.0,0.0,1,unkwn,91.0,2.0
675,9.0,0.0,179.0,24.0,4.0,0,unkwn,90.0,4.0
676,99.0,0.0,170.0,30.0,0.0,1,unkwn,99.0,2.0
677,20.0,0.0,N/A,32.0,0.0,,unkwn,95.0,4.0
678,4.0,1.0,161.0,23.0,1.0,0,unkwn,90.0,4.0
679,7.0,1.0,170.0,24.0,3.0,,unkwn,N/A,7.0
680,14.0,0.0,N/A,28.0,4.0,0,1.0,99.0,1.0
681,4.0,1.0,163.0,26.0,4.0,0,unkwn,96.0,3.0
682,99.0,0.0,180.0,32.0,0.0,0,unkwn,94.0,7.0
683,99.0,0.0,172.0,28.0,0.0,1,1.0,80.0,0.0
684,8.0,1.0,175.0,26.0,6.0,,1.0,93.0,9.0
685,19.0,1.0,162.0,33.0,0.0,,unkwn,78.0,0.0
686,9.0,0.0,180.0,24.0,6.0,0,unkwn,89.0,3.0
687,7.0,1.0,183.0,23.0,0.0,,1.0,96.0,5.0
688,1.0,0.0,178.0,20.0,0.0,0,1.0,N/A,2.0
689,99.0,0.0,175.0,27.0,2.0,1,unkwn,N/A,4.0
690,20.0,0.0,180.0,29.0,4.0,0,unkwn,96.0,2.0
691,99.0,0.0,183.0,33.0,0.0,0,1.0,87.0,9.0
692,15.0,0.0,178.0,26.0,0.0,0,1.0,N/A,5.0
693,13.0,0.0,178.0,25.0,4.0,0,unkwn,79.0,6.0
694,25.0,0.0,172.0,29.0,6.0,,1.0,94.0,3.0
695,6.0,0.0,N/A,21.0,0.0,1,0.0,93.0,3.0
696,99.0,0.0,182.0,28.0,4.0,,unkwn,73.0,2.0
697,-5.0,1.0,174.0,22.0,4.0,0,1.0,71.0,3.0
698,99.0,0.0,180.0,25.0,2.0,0,unkwn,N/A,5.0
699,31.0,0.0,181.0,35.0,0.0,0,1.0,N/A,9.0
700,99.0,0.0,170.0,24.0,2.0,0,unkwn,N/A,4.0
701,9.0,0.0,183.0,23.0,0.0,0,0.0,93.0,3.0
702,23.0,1.0,164.0,27.0,1.0,1,1.0,N/A,7.0
703,99.0,0.0,177.0,24.0,0.0,0,1.0,97.0,7.0
704,99.0,0.0,175.0,25.0,4.0,1,1.0,N/A,7.0
705,99.0,0.0,N/A,30.0,2.0,,1.0,90.0,3.0
706,99.0,0.0,184.0,32.0,1.0,0,1.0,94.0,7.0
707,12.0,1.0,172.0,28.0,2.0,0,1.0,N/A,4.0
708,7.0,0.0,182.0,23.0,0.0,,1.0,N/A,5.0
709,18.0,1.0,157.0,28.0,2.0,1,1.0,N/A,3.0
710,99.0,0.0,175.0,27.0,3.0,0,unkwn,98.0,7.0
711,9.0,0.0,N/A,26.0,6.0,0,1.0,97.0,1.0
712,99.0,0.0,173.0,34.0,4.0,,1.0,99.0,2.0
713,16.0,1.0,155.0,26.0,1.0,,1.0,N/A,4.0
714,99.0,1.0,160.0,29.0,5.0,1,1.0,93.0,3.0
715,7.0,0.0,184.0,25.0,5.0,1,unkwn,81.0,9.0
716,6.0,1.0,169.0,23.0,4.0,0,1.0,N/A,7.0
717,12.0,0.0,175.0,24.0,4.0,1,unkwn,78.0,6.0
718,32.0,1.0,151.0,29.0,4.0,0,1.0,96.0,3.0
719,23.0,1.0,160.0,32.0,0.0,,unkwn,90.0,2.0
720,13.0,0.0,182.0,23.0,4.0,0,1.0,N/A,8.0
721,99.0,0.0,173.0,25.0,0.0,0,unkwn,92.0,2.0
722,-1.0,1.0,166.0,22.0,4.0,1,1.0,88.0,2.0
723,13.0,0.0,183.0,25.0,4.0,,1.0,79.0,6.0
724,99.0,0.0,172.0,29.0,4.0,,1.0,99.0,3.0
725,23.0,0.0,N/A,26.0,4.0,0,unkwn,88.0,5.0
726,99.0,1.0,168.0,27.0,2.0,0,unkwn,90.0,1.0
727,8.0,0.0,178.0,26.0,1.0,,unkwn,86.0,2.0
728,7.0,1.0,157.0,24.0,0.0,0,unkwn,N/A,3.0
729,99.0,0.0,168.0,28.0,0.0,1,unkwn,75.0,6.0
730,7.0,1.0,171.0,25.0,5.0,,unkwn,N/A,1.0
731,19.0,1.0,160.0,32.0,2.0,,1.0,81.0,8.0
732,8.0,0.0,N/A,25.0,0.0,0,1.0,97.0,2.0
733,4.0,1.0,166.0,22.0,1.0,1,1.0,72.0,3.0
734,22.0,0.0,182.0,33.0,0.0,,1.0,83.0,6.0
735,99.0,0.0,173.0,31.0,2.0,0,1.0,N/A,0.0
736,8.0,0.0,176.0,25.0,4.0,,unkwn,89.0,6.0
737,99.0,0.0,178.0,29.0,3.0,0,1.0,N/A,7.0
738,9.0,0.0,163.0,25.0,0.0,1,1.0,N/A,2.0
739,7.0,1.0,175.0,24.0,4.0,0,1.0,89.0,2.0
740,99.0,0.0,170.0,25.0,1.0,0,0.0,86.0,6.0
741,32.0,0.0,N/A,35.0,1.0,0,1.0,N/A,2.0
742,7.0,1.0,170.0,23.0,2.0,,1.0,84.0,2.0
743,8.0,1.0,169.0,23.0,0.0,1,1.0,91.0,9.0
744,18.0,0.0,N/A,29.0,1.0,1,0.0,81.0,5.0
745,-2.0,0.0,173.0,22.0,1.0,0,1.0,92.0,5.0
746,16.0,0.0,161.0,27.0,2.0,0,unkwn,N/A,6.0
747,9.0,1.0,162.0,23.0,1.0,0,unkwn,97.0,2.0
748,16.0,1.0,163.0,27.0,2.0,1,1.0,N/A,2.0
749,99.0,0.0,181.0,23.0,0.0,1,0.0,95.0,4.0
750,-1.0,1.0,171.0,21.0,1.0,0,0.0,66.0,7.0
751,20.0,0.0,182.0,29.0,3.0,0,1.0,90.0,2.0
752,6.0,0.0,175.0,21.0,1.0,,1.0,78.0,2.0
753,13.0,0.0,178.0,22.0,2.0,0,1.0,90.0,2.0
754,13.0,0.0,174.0,28.0,4.0,0,1.0,89.0,3.0
755,19.0,0.0,N/A,28.0,4.0,1,1.0,86.0,1.0
756,8.0,1.0,163.0,24.0,1.0,,1.0,94.0,0.0
757,1.0,0.0,176.0,21.0,0.0,0,1.0,89.0,3.0
758,13.0,1.0,168.0,28.0,1.0,1,1.0,98.0,3.0
759,4.0,0.0,182.0,24.0,6.0,0,1.0,89.0,4.0
760,15.0,0.0,171.0,25.0,2.0,0,0.0,85.0,2.0
761,7.0,0.0,183.0,23.0,3.0,,1.0,N/A,5.0
762,5.0,0.0,182.0,24.0,0.0,1,1.0,94.0,6.0
763,99.0,0.0,176.0,30.0,4.0,0,1.0,93.0,5.0
764,9.0,0.0,177.0,24.0,1.0,0,unkwn,81.0,8.0
765,12.0,1.0,168.0,24.0,1.0,0,1.0,N/A,2.0
766,3.0,0.0,163.0,24.0,0.0,,0.0,69.0,5.0
767,11.0,1.0,180.0,25.0,1.0,0,unkwn,85.0,0.0
768,7.0,0.0,172.0,25.0,6.0,0,0.0,94.0,6.0
769,19.0,0.0,178.0,27.0,1.0,0,1.0,75.0,9.0
770,20.0,0.0,N/A,29.0,0.0,1,0.0,95.0,3.0
771,11.0,1.0,162.0,25.0,0.0,,1.0,90.0,5.0
772,-1.0,0.0,173.0,21.0,3.0,0,1.0,98.0,6.0
773,14.0,0.0,175.0,25.0,0.0,1,unkwn,77.0,7.0
774,12.0,0.0,175.0,26.0,1.0,0,unkwn,79.0,2.0
775,5.0,0.0,N/A,25.0,0.0,,1.0,98.0,7.0
776,15.0,0.0,N/A,27.0,4.0,0,0.0,91.0,2.0
777,15.0,0.0,173.0,27.0,4.0,0,1.0,78.0,2.0
778,-1.0,1.0,158.0,25.0,3.0,0,0.0,N/A,2.0
779,-1.0,1.0,N/A,23.0,1.0,0,0.0,97.0,5.0
780,99.0,0.0,165.0,34.0,1.0,0,1.0,88.0,9.0
781,11.0,1.0,165.0,25.0,1.0,0,unkwn,93.0,7.0
782,1.0,0.0,176.0,22.0,3.0,1,1.0,N/A,0.0
783,-1.0,0.0,175.0,24.0,0.0,1,unkwn,90.0,3.0
784,15.0,0.0,181.0,27.0,4.0,0,unkwn,90.0,2.0
785,6.0,0.0,179.0,21.0,3.0,1,1.0,67.0,6.0
786,7.0,1.0,172.0,23.0,4.0,0,unkwn,85.0,1.0
787,11.0,1.0,162.0,25.0,4.0,,unkwn,N/A,3.0
788,7.0,0.0,173.0,25.0,1.0,0,1.0,92.0,9.0
789,10.0,0.0,174.0,25.0,3.0,,1.0,98.0,3.0
790,12.0,1.0,170.0,26.0,0.0,1,0.0,78.0,2.0
791,4.0,0.0,184.0,22.0,1.0,,1.0,N/A,0.0
792,99.0,1.0,164.0,23.0,0.0,0,1.0,N/A,6.0
793,18.0,0.0,N/A,30.0,4.0,0,1.0,98.0,2.0
794,6.0,1.0,173.0,24.0,5.0,,unkwn,N/A,2.0
795,6.0,1.0,150.0,23.0,2.0,0,1.0,88.0,0.0
796,99.0,1.0,182.0,25.0,1.0,1,0.0,99.0,9.0
797,11.0,1.0,155.0,26.0,0.0,0,1.0,99.0,1.0
798,3.0,0.0,167.0,23.0,1.0,0,0.0,77.0,9.0
799,21.0,0.0,175.0,27.0,2.0,0,1.0,90.0,0.0
800,23.0,0.0,177.0,33.0,2.0,0,1.0,N/A,6.0
801,17.0,0.0,176.0,29.0,3.0,,unkwn,84.0,2.0
802,17.0,0.0,170.0,28.0,5.0,0,1.0,86.0,3.0
803,6.0,1.0,147.0,25.0,0.0,1,unkwn,91.0,9.0
804,16.0,0.0,N/A,27.0,0.0,1,1.0,94.0,2.0
805,7.0,0.0,N/A,26.0,2.0,0,0.0,97.0,4.0
806,12.0,0.0,184.0,26.0,0.0,0,1.0,90.0,2.0
807,5.0,0.0,N/A,24.0,1.0,0,unkwn,81.0,4.0
808,14.0,0.0,N/A,24.0,0.0,0,unkwn,84.0,4.0
809,9.0,0.0,179.0,23.0,4.0,0,1.0,88.0,4.0
810,5.0,1.0,164.0,24.0,4.0,,1.0,75.0,0.0
811,13.0,0.0,173.0,26.0,3.0,0,1.0,92.0,1.0
812,16.0,0.0,175.0,30.0,4.0,1,1.0,87.0,1.0
813,99.0,0.0,N/A,26.0,3.0,1,unkwn,81.0,2.0
814,22.0,0.0,180.0,29.0,1.0,1,1.0,N/A,5.0
815,10.0,1.0,158.0,22.0,1.0,1,1.0,93.0,9.0
816,17.0,1.0,172.0,29.0,0.0,0,1.0,83.0,0.0
817,2.0,0.0,175.0,25.0,3.0,0,1.0,91.0,9.0
818,8.0,0.0,177.0,24.0,1.0,,1.0,N/A,5.0
819,2.0,0.0,N/A,25.0,1.0,1,unkwn,67.0,3.0
820,7.0,0.0,182.0,21.0,6.0,0,1.0,98.0,7.0
821,99.0,0.0,N/A,30.0,1.0,,1.0,80.0,4.0
822,99.0,1.0,173.0,27.0,1.0,,unkwn,84.0,3.0
823,19.0,0.0,172.0,28.0,3.0,,1.0,91.0,3.0
824,99.0,1.0,165.0,24.0,1.0,1,unkwn,78.0,7.0
825,99.0,1.0,163.0,29.0,4.0,0,1.0,92.0,6.0
826,17.0,0.0,173.0,28.0,3.0,0,1.0,61.0,6.0
827,99.0,1.0,160.0,27.0,3.0,,unkwn,95.0,7.0
828,6.0,0.0,N/A,22.0,0.0,0,unkwn,97.0,2.0
829,2.0,0.0,N/A,23.0,0.0,1,1.0,N/A,0.0
830,5.0,0.0,165.0,22.0,2.0,,1.0,78.0,0.0
831,11.0,0.0,N/A,29.0,2.0,1,1.0,84.0,5.0
832,99.0,0.0,N/A,24.0,1.0,1,1.0,84.0,3.0
833,5.0,0.0,N/A,23.0,1.0,,1.0,98.0,8.0
834,99.0,0.0,N/A,31.0,0.0,0,unkwn,88.0,5.0
835,99.0,1.0,177.0,27.0,0.0,0,unkwn,95.0,5.0
836,6.0,0.0,182.0,21.0,5.0,0,0.0,86.0,7.0
837,1.0,0.0,184.0,21.0,0.0,0,unkwn,79.0,5.0
838,14.0,1.0,166.0,30.0,2.0,0,unkwn,79.0,9.0
839,5.0,0.0,179.0,23.0,0.0,0,1.0,73.0,1.0
840,99.0,0.0,174.0,28.0,0.0,1,1.0,N/A,2.0
841,12.0,0.0,175.0,25.0,4.0,0,1.0,76.0,2.0
842,10.0,0.0,N/A,24.0,2.0,0,unkwn,79.0,2.0
843,15.0,0.0,N/A,26.0,3.0,1,1.0,N/A,4.0
844,20.0,0.0,177.0,28.0,1.0,1,1.0,95.0,2.0
845,24.0,0.0,177.0,31.0,4.0,,1.0,83.0,5.0
846,7.0,0.0,183.0,25.0,0.0,0,1.0,98.0,7.0
847,99.0,0.0,172.0,25.0,1.0,0,1.0,97.0,1.0
848,5.0,0.0,179.0,21.0,1.0,1,1.0,98.0,6.0
849,1.0,0.0,183.0,22.0,0.0,,1.0,95.0,2.0
850,1.0,1.0,175.0,24.0,4.0,0,1.0,82.0,2.0
851,19.0,0.0,N/A,29.0,0.0,1,unkwn,90.0,8.0
852,5.0,1.0,169.0,25.0,2.0,,1.0,83.0,5.0
853,19.0,0.0,179.0,28.0,4.0,1,1.0,N/A,3.0
854,9.0,0.0,180.0,24.0,3.0,0,1.0,82.0,3.0
855,4.0,0.0,180.0,22.0,5.0,1,1.0,80.0,9.0
856,99.0,0.0,N/A,26.0,0.0,1,unkwn,82.0,4.0
857,4.0,0.0,N/A,24.0,4.0,0,1.0,98.0,0.0
858,12.0,0.0,182.0,24.0,1.0,0,unkwn,81.0,2.0
859,7.0,0.0,176.0,21.0,0.0,1,1.0,77.0,0.0
860,99.0,0.0,179.0,26.0,4.0,,1.0,95.0,0.0
861,21.0,0.0,183.0,27.0,0.0,0,unkwn,N/A,6.0
862,21.0,0.0,181.0,29.0,0.0,1,1.0,N/A,7.0
863,17.0,1.0,152.0,31.0,6.0,1,0.0,97.0,2.0
864,99.0,1.0,161.0,27.0,3.0,0,unkwn,77.0,2.0
865,3.0,0.0,178.0,22.0,3.0,0,1.0,83.0,3.0
866,1.0,0.0,171.0,22.0,4.0,,unkwn,85.0,7.0
867,8.0,1.0,161.0,26.0,2.0,,1.0,67.0,2.0
868,17.0,0.0,180.0,31.0,1.0,0,1.0,88.0,2.0
869,16.0,1.0,154.0,25.0,4.0,1,unkwn,74.0,0.0
870,2.0,0.0,N/A,23.0,1.0,1,1.0,82.0,7.0
871,21.0,0.0,170.0,32.0,0.0,0,1.0,89.0,4.0
872,25.0,0.0,183.0,28.0,4.0,0,1.0,56.0,4.0
873,25.0,0.0,180.0,31.0,0.0,0,unkwn,82.0,6.0
874,9.0,0.0,182.0,25.0,2.0,,unkwn,97.0,5.0
875,7.0,1.0,163.0,24.0,6.0,1,1.0,86.0,2.0
876,99.0,0.0,175.0,25.0,1.0,1,1.0,81.0,5.0
877,3.0,0.0,179.0,23.0,5.0,,unkwn,69.0,7.0
878,99.0,1.0,159.0,23.0,2.0,0,1.0,84.0,6.0
879,9.0,1.0,171.0,26.0,4.0,0,1.0,85.0,0.0
880,15.0,1.0,162.0,25.0,0.0,0,unkwn,89.0,3.0
881,4.0,1.0,161.0,23.0,0.0,0,1.0,86.0,3.0
882,6.0,0.0,169.0,25.0,1.0,0,unkwn,87.0,5.0
883,10.0,0.0,162.0,23.0,0.0,0,0.0,95.0,1.0
884,99.0,0.0,181.0,25.0,0.0,0,1.0,72.0,0.0
885,19.0,1.0,172.0,28.0,4.0,0,1.0,75.0,3.0
886,24.0,0.0,169.0,31.0,4.0,0,0.0,N/A,0.0
887,12.0,1.0,158.0,26.0,1.0,1,1.0,90.0,3.0
888,20.0,1.0,161.0,27.0,1.0,0,unkwn,92.0,2.0
889,26.0,1.0,169.0,31.0,4.0,1,0.0,97.0,2.0
890,6.0,0.0,170.0,23.0,2.0,0,1.0,83.0,4.0
891,99.0,0.0,N/A,31.0,4.0,0,unkwn,91.0,8.0
892,18.0,1.0,170.0,28.0,4.0,0,unkwn,N/A,5.0
893,0.0,0.0,177.0,21.0,4.0,0,unkwn,97.0,4.0
894,14.0,0.0,N/A,28.0,3.0,0,1.0,72.0,3.0
895,2.0,0.0,184.0,21.0,4.0,1,1.0,79.0,3.0
896,16.0,0.0,172.0,25.0,4.0,1,unkwn,92.0,0.0
897,24.0,0.0,166.0,30.0,6.0,1,1.0,81.0,0.0
898,20.0,0.0,N/A,30.0,6.0,,unkwn,N/A,3.0
899,99.0,0.0,181.0,30.0,3.0,0,1.0,85.0,4.0
900,99.0,0.0,171.0,24.0,1.0,0,1.0,88.0,2.0
901,26.0,0.0,182.0,31.0,5.0,0,unkwn,96.0,4.0
902,6.0,0.0,180.0,24.0,3.0,1,1.0,99.0,2.0
903,9.0,0.0,184.0,25.0,1.0,0,unkwn,90.0,2.0
904,6.0,0.0,N/A,21.0,3.0,,unkwn,86.0,2.0
905,7.0,1.0,167.0,23.0,1.0,0,1.0,85.0,2.0
906,20.0,0.0,177.0,28.0,0.0,,unkwn,N/A,5.0
907,99.0,1.0,174.0,33.0,1.0,0,unkwn,85.0,3.0
908,99.0,1.0,165.0,29.0,0.0,0,1.0,78.0,2.0
909,18.0,0.0,179.0,28.0,0.0,0,1.0,80.0,3.0
910,2.0,1.0,160.0,24.0,5.0,1,1.0,87.0,4.0
911,13.0,1.0,167.0,26.0,2.0,0,unkwn,81.0,8.0
912,12.0,0.0,167.0,29.0,4.0,,1.0,94.0,5.0
913,3.0,1.0,168.0,23.0,0.0,,unkwn,89.0,3.0
914,6.0,0.0,170.0,25.0,3.0,,0.0,80.0,1.0
915,14.0,0.0,180.0,27.0,5.0,0,unkwn,91.0,8.0
916,13.0,0.0,175.0,26.0,0.0,0,1.0,87.0,7.0
917,99.0,0.0,183.0,29.0,5.0,1,0.0,94.0,6.0
918,6.0,0.0,181.0,24.0,3.0,0,0.0,86.0,7.0
919,10.0,0.0,177.0,23.0,6.0,,unkwn,92.0,0.0
920,21.0,1.0,146.0,30.0,1.0,0,0.0,85.0,4.0
921,99.0,1.0,164.0,26.0,1.0,0,unkwn,N/A,6.0
922,20.0,0.0,N/A,31.0,2.0,0,1.0,86.0,0.0
923,2.0,0.0,N/A,21.0,0.0,0,unkwn,92.0,0.0
924,9.0,0.0,182.0,25.0,3.0,0,unkwn,93.0,1.0
925,2.0,0.0,N/A,25.0,0.0,1,unkwn,99.0,0.0
926,6.0,1.0,170.0,22.0,0.0,0,unkwn,97.0,4.0
927,8.0,0.0,N/A,24.0,1.0,0,1.0,99.0,4.0
928,6.0,0.0,175.0,25.0,4.0,0,unkwn,83.0,4.0
929,24.0,1.0,170.0,28.0,0.0,1,unkwn,94.0,8.0
930,7.0,0.0,168.0,21.0,0.0,1,unkwn,N/A,5.0
931,10.0,0.0,N/A,26.0,4.0,,1.0,86.0,4.0
932,12.0,0.0,N/A,25.0,4.0,1,1.0,85.0,7.0
933,2.0,0.0,N/A,24.0,4.0,1,1.0,93.0,6.0
934,26.0,0.0,175.0,30.0,0.0,0,unkwn,85.0,7.0
935,5.0,0.0,N/A,23.0,0.0,0,1.0,87.0,1.0
936,12.0,0.0,183.0,25.0,0.0,0,1.0,93.0,2.0
937,12.0,1.0,168.0,28.0,1.0,1,1.0,N/A,2.0
938,4.0,0.0,162.0,23.0,4.0,0,unkwn,91.0,1.0
939,15.0,1.0,163.0,29.0,5.0,0,unkwn,76.0,4.0
940,99.0,1.0,157.0,28.0,6.0,0,unkwn,N/A,6.0
941,15.0,0.0,N/A,26.0,1.0,,unkwn,91.0,2.0
942,9.0,0.0,165.0,23.0,0.0,0,1.0,76.0,0.0
943,23.0,0.0,180.0,31.0,0.0,0,1.0,85.0,6.0
944,99.0,0.0,179.0,27.0,4.0,1,1.0,79.0,0.0
945,99.0,1.0,161.0,33.0,3.0,0,0.0,N/A,2.0
946,15.0,0.0,179.0,25.0,0.0,1,unkwn,91.0,5.0
947,15.0,0.0,174.0,27.0,3.0,0,0.0,99.0,5.0
948,1.0,1.0,170.0,24.0,3.0,0,unkwn,N/A,8.0
949,0.0,0.0,N/A,22.0,3.0,0,1.0,93.0,9.0
950,9.0,0.0,178.0,28.0,3.0,0,1.0,88.0,0.0
951,7.0,1.0,162.0,22.0,0.0,,unkwn,83.0,2.0
952,6.0,0.0,N/A,24.0,4.0,0,1.0,81.0,0.0
953,16.0,1.0,169.0,29.0,4.0,0,0.0,N/A,6.0
954,10.0,1.0,167.0,25.0,0.0,0,unkwn,97.0,5.0
955,99.0,0.0,168.0,23.0,4.0,1,1.0,72.0,2.0
956,6.0,0.0,N/A,23.0,0.0,1,unkwn,77.0,9.0
957,1.0,0.0,178.0,24.0,6.0,1,1.0,68.0,5.0
958,16.0,0.0,180.0,26.0,0.0,,unkwn,N/A,6.0
959,4.0,1.0,164.0,21.0,3.0,0,1.0,83.0,5.0
960,99.0,1.0,169.0,28.0,1.0,1,unkwn,73.0,8.0
961,16.0,0.0,N/A,24.0,2.0,,1.0,90.0,7.0
962,99.0,0.0,160.0,27.0,1.0,0,0.0,93.0,2.0
963,3.0,0.0,182.0,23.0,1.0,0,1.0,87.0,1.0
964,11.0,0.0,166.0,22.0,4.0,1,0.0,94.0,1.0
965,19.0,1.0,148.0,28.0,0.0,,1.0,80.0,7.0
966,6.0,1.0,173.0,21.0,6.0,0,0.0,95.0,7.0
967,22.0,1.0,163.0,30.0,1.0,0,unkwn,86.0,2.0
968,6.0,0.0,184.0,23.0,4.0,0,1.0,98.0,5.0
969,99.0,0.0,173.0,28.0,3.0,0,1.0,78.0,2.0
970,30.0,1.0,173.0,32.0,0.0,0,1.0,69.0,3.0
971,-1.0,0.0,N/A,21.0,2.0,,1.0,89.0,7.0
972,8.0,1.0,173.0,23.0,2.0,,unkwn,N/A,7.0
973,6.0,1.0,170.0,25.0,0.0,1,1.0,95.0,1.0
974,3.0,0.0,171.0,23.0,0.0,1,1.0,85.0,3.0
975,17.0,0.0,182.0,26.0,3.0,0,1.0,97.0,2.0
976,3.0,0.0,182.0,22.0,4.0,0,unkwn,85.0,3.0
977,10.0,0.0,182.0,22.0,1.0,0,0.0,N/A,2.0
978,12.0,0.0,N/A,26.0,4.0,0,unkwn,N/A,7.0
979,12.0,0.0,172.0,25.0,4.0,0,1.0,84.0,6.0
980,11.0,0.0,180.0,23.0,6.0,,1.0,86.0,0.0
981,5.0,0.0,174.0,23.0,1.0,,1.0,90.0,4.0
982,99.0,1.0,159.0,27.0,3.0,0,1.0,86.0,3.0
983,-2.0,0.0,170.0,23.0,0.0,0,1.0,97.0,5.0
984,2.0,0.0,174.0,24.0,1.0,0,1.0,90.0,2.0
985,17.0,0.0,N/A,28.0,2.0,0,0.0,90.0,0.0
986,1.0,0.0,168.0,24.0,1.0,0,unkwn,N/A,7.0
987,8.0,0.0,174.0,27.0,0.0,1,unkwn,85.0,6.0
988,99.0,1.0,161.0,29.0,1.0,0,1.0,72.0,9.0
989,1.0,0.0,170.0,22.0,3.0,0,1.0,95.0,2.0
990,7.0,0.0,175.0,24.0,3.0,0,unkwn,88.0,0.0
991,8.0,0.0,N/A,24.0,0.0,0,unkwn,85.0,1.0
992,16.0,0.0,N/A,29.0,0.0,0,unkwn,94.0,2.0
993,4.0,0.0,N/A,23.0,5.0,0,1.0,83.0,7.0
994,17.0,0.0,N/A,27.0,2.0,0,unkwn,93.0,6.0
995,7.0,0.0,N/A,22.0,1.0,1,1.0,97.0,2.0
996,99.0,0.0,184.0,30.0,1.0,0,1.0,80.0,4.0
997,-2.0,0.0,N/A,21.0,0.0,1,unkwn,85.0,3.0
998,6.0,1.0,172.0,23.0,4.0,0,unkwn,90.0,7.0
999,6.0,1.0,167.0,23.0,0.0,0,1.0,N/A,4.0
